Date,Open,High,Low,Close,Volume,Pips,Percent
28 Dec 2007 16:00,112.424,112.631,107.896,108.559,119061,-38650.0,-3.4379
04 Jan 2008 16:00,108.597,110.123,108.352,108.803,188877,2060.0,0.1897
11 Jan 2008 16:00,108.82,108.915,105.911,106.821,190203,-19990.0,-1.837
18 Jan 2008 16:00,106.783,107.884,104.958,106.667,221910,-1160.0,-0.1086
25 Jan 2008 16:00,106.757,107.459,105.712,106.435,204504,-3220.0,-0.3016
01 Feb 2008 16:00,106.485,107.811,105.907,107.28,195693,7950.0,0.7466
08 Feb 2008 16:00,107.23,108.592,106.333,107.77,167333,5400.0,0.5036
15 Feb 2008 16:00,107.82,108.362,106.725,107.127,147481,-6930.0,-0.6427
22 Feb 2008 16:00,107.122,108.212,103.643,103.681,171721,-34410.0,-3.2122
29 Feb 2008 16:00,103.691,104.18,101.424,102.625,181159,-10660.0,-1.0281
07 Mar 2008 16:00,102.573,103.584,98.893,99.037,243353,-35360.0,-3.4473
14 Mar 2008 16:00,98.942,100.433,95.715,99.515,223767,5730.0,0.5791
21 Mar 2008 16:00,99.529,101.03,98.552,99.19,183200,-3390.0,-0.3406
28 Mar 2008 16:00,99.112,102.937,98.782,101.423,208069,23110.0,2.3317
04 Apr 2008 16:00,101.53,102.853,100.019,100.963,186622,-5670.0,-0.5585
11 Apr 2008 16:00,100.913,104.644,100.3,103.627,194309,27140.0,2.6894
18 Apr 2008 16:00,103.632,104.817,102.672,104.377,193748,7450.0,0.7189
25 Apr 2008 16:00,104.348,105.689,103.208,105.344,169079,9960.0,0.9545
02 May 2008 16:00,105.332,105.614,102.604,102.809,173873,-25230.0,-2.3953
09 May 2008 16:00,102.785,105.434,102.523,104.004,186226,12190.0,1.186
16 May 2008 16:00,104.106,104.686,102.727,103.337,185032,-7690.0,-0.7387
23 May 2008 16:00,103.231,105.862,103.111,105.467,142280,22360.0,2.166
30 May 2008 16:00,105.453,106.423,103.867,104.881,184168,-5720.0,-0.5424
06 Jun 2008 16:00,104.871,108.377,104.375,108.142,190454,32710.0,3.1191
13 Jun 2008 16:00,108.141,108.583,107.121,107.289,173035,-8520.0,-0.7879
20 Jun 2008 16:00,107.284,108.399,105.86,106.093,169014,-11910.0,-1.1101
27 Jun 2008 16:00,106.077,106.926,104.979,106.755,157289,6780.0,0.6392
04 Jul 2008 16:00,106.715,107.747,105.647,106.225,199280,-4900.0,-0.4592
11 Jul 2008 16:00,106.083,107.087,103.769,106.911,229358,8280.0,0.7805
18 Jul 2008 16:00,106.911,107.973,106.052,107.788,201062,8770.0,0.8203
25 Jul 2008 16:00,107.776,108.366,107.271,107.635,204165,-1410.0,-0.1308
01 Aug 2008 16:00,107.635,110.359,107.44,110.117,232315,24820.0,2.3059
08 Aug 2008 16:00,110.135,110.655,108.361,110.472,226024,3370.0,0.306
15 Aug 2008 16:00,110.47,110.525,108.123,110.012,191518,-4580.0,-0.4146
22 Aug 2008 16:00,110.011,110.278,108.425,108.762,202401,-12490.0,-1.1353
29 Aug 2008 16:00,108.565,109.174,105.507,107.692,231624,-8730.0,-0.8041
05 Sep 2008 16:00,107.692,109.07,106.047,107.895,328032,2030.0,0.1885
12 Sep 2008 16:00,107.795,108.033,103.536,107.402,368503,-3930.0,-0.3646
19 Sep 2008 16:00,107.405,107.422,105.028,105.96,316230,-14450.0,-1.3454
26 Sep 2008 16:00,105.885,106.955,103.48,105.27,353074,-6150.0,-0.5808
03 Oct 2008 16:00,105.27,105.38,97.859,100.57,437737,-47000.0,-4.4647
10 Oct 2008 16:00,100.57,103.042,99.245,101.602,425424,10320.0,1.0262
17 Oct 2008 16:00,101.498,102.403,90.878,94.205,453953,-72930.0,-7.1854
24 Oct 2008 16:00,94.255,99.675,91.895,98.412,426318,41570.0,4.4104
31 Oct 2008 16:00,98.387,100.549,96.742,98.19,369111,-1970.0,-0.2002
07 Nov 2008 16:00,98.145,99.477,94.473,97.02,432861,-11250.0,-1.1463
14 Nov 2008 16:00,96.967,97.541,93.541,95.91,428390,-10570.0,-1.0901
21 Nov 2008 16:00,95.86,97.417,94.586,95.475,297843,-3850.0,-0.4016
28 Nov 2008 16:00,95.475,95.613,91.562,92.783,312124,-26920.0,-2.8196
05 Dec 2008 16:00,92.745,93.908,88.155,91.137,430172,-16080.0,-1.7338
12 Dec 2008 16:00,91.092,91.87,87.114,89.26,269119,-18320.0,-2.0112
19 Dec 2008 16:00,89.229,90.971,89.035,90.76,107688,15310.0,1.7158
26 Dec 2008 16:00,90.755,92.423,89.746,91.778,125549,10230.0,1.1272
02 Jan 2009 16:00,92.09,94.595,90.148,90.338,260498,-17520.0,-1.9025
09 Jan 2009 16:00,90.348,90.904,88.473,90.69,399611,3420.0,0.3785
16 Jan 2009 16:00,90.64,91.285,87.097,88.728,388341,-19120.0,-2.1094
23 Jan 2009 16:00,88.655,90.757,88.213,89.882,258539,12270.0,1.384
30 Jan 2009 16:00,89.861,92.246,88.587,91.842,334665,19810.0,2.2045
06 Feb 2009 16:00,91.792,92.387,89.697,91.808,299071,160.0,0.0174
13 Feb 2009 16:00,91.877,94.463,91.098,93.292,285028,14150.0,1.5401
20 Feb 2009 16:00,93.242,98.716,92.755,97.54,314315,42980.0,4.6095
27 Feb 2009 16:00,97.487,99.683,96.566,98.201,308253,7140.0,0.7324
06 Mar 2009 16:00,98.255,99.194,95.662,97.913,314028,-3420.0,-0.3481
13 Mar 2009 16:00,97.913,98.962,93.547,95.895,330213,-20180.0,-2.061
20 Mar 2009 16:00,95.895,98.861,95.405,97.821,345351,19260.0,2.0084
27 Mar 2009 16:00,97.813,100.363,95.943,100.264,348793,24510.0,2.5058
03 Apr 2009 16:00,100.177,101.444,99.305,100.2,314382,230.0,0.023
10 Apr 2009 16:00,100.315,100.726,98.137,99.111,288659,-12040.0,-1.2002
17 Apr 2009 16:00,99.107,99.382,96.628,97.118,369669,-19890.0,-2.0069
24 Apr 2009 16:00,97.052,99.578,95.623,99.064,361896,20120.0,2.0731
01 May 2009 16:00,99.092,99.757,97.92,98.412,371727,-6800.0,-0.6862
08 May 2009 16:00,98.418,98.839,94.729,95.158,402628,-32600.0,-3.3124
15 May 2009 16:00,95.196,96.703,93.849,94.738,350951,-4580.0,-0.4811
22 May 2009 16:00,94.728,97.237,94.423,95.3,327683,5720.0,0.6038
29 May 2009 16:00,95.307,98.881,94.442,98.61,362768,33030.0,3.4656
05 Jun 2009 16:00,98.56,98.86,97.094,98.364,204977,-1960.0,-0.1989
12 Jun 2009 16:00,98.281,98.566,95.516,96.226,178608,-20550.0,-2.0909
19 Jun 2009 16:00,96.223,96.567,94.869,95.142,166030,-10810.0,-1.1234
26 Jun 2009 16:00,95.142,96.981,95.076,95.99,123871,8480.0,0.8913
03 Jul 2009 16:00,96.007,96.214,91.775,92.524,185753,-34830.0,-3.6279
10 Jul 2009 16:00,92.483,94.451,91.727,94.139,166273,16560.0,1.7906
17 Jul 2009 16:00,94.163,95.292,93.089,94.749,140887,5860.0,0.6223
24 Jul 2009 16:00,94.797,95.884,94.013,94.634,146550,-1630.0,-0.1719
31 Jul 2009 16:00,94.731,97.774,94.356,97.515,154731,27840.0,2.9388
07 Aug 2009 16:00,97.515,97.716,94.424,94.887,178582,-26280.0,-2.695
14 Aug 2009 16:00,94.751,95.284,93.425,94.335,148892,-4160.0,-0.439
21 Aug 2009 16:00,94.35,95.061,93.21,93.49,143577,-8600.0,-0.9115
28 Aug 2009 16:00,93.45,93.507,91.941,92.957,145382,-4930.0,-0.5276
04 Sep 2009 16:00,92.959,93.289,90.212,90.667,120313,-22920.0,-2.4656
11 Sep 2009 16:00,90.67,91.637,90.122,91.247,143587,5770.0,0.6364
18 Sep 2009 16:00,91.244,92.527,89.513,89.591,140101,-16530.0,-1.8116
25 Sep 2009 16:00,89.61,90.398,88.215,89.754,151535,1440.0,0.1607
02 Oct 2009 16:00,89.753,89.977,88.007,89.727,153390,-260.0,-0.029
09 Oct 2009 16:00,89.723,91.315,88.824,90.837,142474,11140.0,1.2416
16 Oct 2009 16:00,90.834,92.114,90.073,92.005,135646,11710.0,1.2892
23 Oct 2009 16:00,91.995,92.322,89.916,90.041,141711,-19540.0,-2.124
30 Oct 2009 16:00,89.96,91.316,89.118,89.827,145263,-1330.0,-0.1478
06 Nov 2009 16:00,89.83,90.608,89.285,89.606,118804,-2240.0,-0.2494
13 Nov 2009 16:00,89.61,89.705,88.639,88.835,124985,-7750.0,-0.8649
20 Nov 2009 16:00,88.838,89.186,84.814,86.485,135484,-23530.0,-2.6486
27 Nov 2009 16:00,86.496,90.774,85.865,90.502,137925,40060.0,4.6314
04 Dec 2009 16:00,90.518,90.518,87.365,89.052,128599,-14660.0,-1.6196
11 Dec 2009 16:00,89.055,90.906,88.317,90.449,132070,13940.0,1.5653
18 Dec 2009 16:00,90.433,91.867,90.137,91.298,81490,8650.0,0.9565
25 Dec 2009 16:00,91.322,93.098,91.317,92.997,58590,16750.0,1.8342
01 Jan 2010 16:00,92.893,93.764,91.23,92.611,159340,-2820.0,-0.3036
08 Jan 2010 16:00,92.614,92.661,90.603,90.723,153632,-18910.0,-2.0418
15 Jan 2010 16:00,90.723,91.87,89.77,89.778,164288,-9450.0,-1.0416
22 Jan 2010 16:00,89.776,90.917,89.133,90.216,185485,4400.0,0.4901
29 Jan 2010 16:00,90.223,91.275,88.55,89.199,173957,-10240.0,-1.135
05 Feb 2010 16:00,89.194,90.418,89.047,89.904,157052,7100.0,0.796
12 Feb 2010 16:00,89.896,92.138,89.704,91.463,128397,15670.0,1.7431
19 Feb 2010 16:00,91.469,91.896,88.742,88.92,138943,-25490.0,-2.7867
26 Feb 2010 16:00,88.896,90.586,88.135,90.232,131658,13360.0,1.5029
05 Mar 2010 16:00,90.228,91.081,89.63,90.507,115599,2790.0,0.3092
12 Mar 2010 16:00,90.51,90.911,89.755,90.496,120344,-140.0,-0.0155
19 Mar 2010 16:00,90.503,92.949,89.82,92.465,127719,19620.0,2.1679
26 Mar 2010 16:00,92.47,94.686,92.015,94.56,135071,20900.0,2.2602
02 Apr 2010 16:00,94.535,94.762,92.83,93.13,119549,-14050.0,-1.4862
09 Apr 2010 16:00,93.135,93.722,91.901,92.126,139313,-10090.0,-1.0834
16 Apr 2010 16:00,92.083,94.32,91.592,93.918,140638,18350.0,1.9928
23 Apr 2010 16:00,93.923,94.577,92.816,93.803,150820,-1200.0,-0.1278
30 Apr 2010 16:00,93.8,94.982,87.997,91.547,303542,-22530.0,-2.4019
07 May 2010 16:00,91.554,93.638,91.325,92.411,256066,8570.0,0.9361
14 May 2010 16:00,92.385,92.959,88.96,89.954,353215,-24310.0,-2.6314
21 May 2010 16:00,89.951,91.406,89.259,91.016,273442,10650.0,1.184
28 May 2010 16:00,90.996,92.879,90.536,91.862,207179,8660.0,0.9517
04 Jun 2010 16:00,91.927,92.083,90.835,91.602,217817,-3250.0,-0.3535
11 Jun 2010 16:00,91.605,92.11,90.443,90.653,141224,-9520.0,-1.0392
18 Jun 2010 16:00,90.663,91.473,89.175,89.184,139010,-14790.0,-1.6313
25 Jun 2010 16:00,89.178,89.465,86.963,87.701,157735,-14770.0,-1.6562
02 Jul 2010 16:00,87.782,88.699,87.021,88.561,116939,7790.0,0.8874
09 Jul 2010 16:00,88.55,89.149,86.265,86.52,129148,-20300.0,-2.2925
16 Jul 2010 16:00,86.529,87.564,86.342,87.418,130763,8890.0,1.0274
23 Jul 2010 16:00,87.4,88.112,85.937,86.417,133054,-9830.0,-1.1247
30 Jul 2010 16:00,86.405,86.878,85.021,85.461,109141,-9440.0,-1.0925
06 Aug 2010 16:00,85.471,86.373,84.728,86.133,114196,6620.0,0.7745
13 Aug 2010 16:00,86.153,86.226,84.893,85.563,98095,-5900.0,-0.6848
20 Aug 2010 16:00,85.534,85.706,83.583,85.18,122456,-3540.0,-0.4139
27 Aug 2010 16:00,85.183,85.899,83.656,84.251,122267,-9320.0,-1.0941
03 Sep 2010 16:00,84.271,84.489,83.323,84.102,99306,-1690.0,-0.2005
10 Sep 2010 16:00,84.105,85.927,82.872,85.807,137485,17020.0,2.0237
17 Sep 2010 16:00,85.816,85.816,84.109,84.163,96744,-16530.0,-1.9262
24 Sep 2010 16:00,84.113,84.389,83.157,83.174,92366,-9390.0,-1.1164
01 Oct 2010 16:00,83.149,83.984,81.725,81.877,102027,-12720.0,-1.5298
08 Oct 2010 16:00,81.882,82.354,80.872,81.399,86288,-4830.0,-0.5899
15 Oct 2010 16:00,81.381,81.918,80.844,81.32,90529,-610.0,-0.075
22 Oct 2010 16:00,81.292,81.98,80.333,80.36,96567,-9320.0,-1.1465
29 Oct 2010 16:00,80.346,81.586,80.173,81.221,105145,8750.0,1.089
05 Nov 2010 16:00,81.226,82.793,80.532,82.475,110164,12490.0,1.5377
12 Nov 2010 16:00,82.401,83.778,82.364,83.496,96448,10950.0,1.3289
19 Nov 2010 16:00,83.501,84.177,82.746,84.052,86454,5510.0,0.6599
26 Nov 2010 16:00,84.057,84.4,82.478,82.487,103378,-15700.0,-1.8678
03 Dec 2010 16:00,82.484,84.296,82.341,83.901,100097,14170.0,1.7179
10 Dec 2010 16:00,83.841,84.506,82.834,83.938,96753,970.0,0.1157
17 Dec 2010 16:00,83.931,84.117,82.817,82.844,63174,-10870.0,-1.2951
24 Dec 2010 16:00,82.819,82.974,80.934,81.088,66266,-17310.0,-2.0901
31 Dec 2010 16:00,81.083,83.665,80.914,83.105,91858,20220.0,2.4937
07 Jan 2011 16:00,83.12,83.49,82.407,82.817,90248,-3030.0,-0.3645
14 Jan 2011 16:00,82.82,83.12,81.85,82.52,83375,-3000.0,-0.3622
21 Jan 2011 16:00,82.522,83.194,81.961,82.075,96152,-4470.0,-0.5417
28 Jan 2011 16:00,82.06,82.459,81.02,82.131,84549,710.0,0.0865
04 Feb 2011 16:00,82.126,83.671,81.768,83.384,81800,12580.0,1.5318
11 Feb 2011 16:00,83.384,83.969,83.005,83.13,79090,-2540.0,-0.3046
18 Feb 2011 16:00,83.13,83.525,81.597,81.629,84540,-15010.0,-1.8056
25 Feb 2011 16:00,81.632,82.976,81.565,82.264,70193,6320.0,0.7742
04 Mar 2011 16:00,82.261,83.29,81.648,81.827,77061,-4340.0,-0.5276
11 Mar 2011 16:00,81.813,82.456,76.465,80.532,274030,-12810.0,-1.5658
18 Mar 2011 16:00,80.538,81.489,80.491,81.314,76661,7760.0,0.9635
25 Mar 2011 16:00,81.314,84.727,81.261,84.007,87737,26930.0,3.3119
01 Apr 2011 16:00,84.011,85.519,83.853,84.715,96297,7040.0,0.838
08 Apr 2011 16:00,84.71,85.153,82.953,83.081,118547,-16290.0,-1.923
15 Apr 2011 16:00,83.081,83.254,81.588,81.843,91512,-12380.0,-1.4901
22 Apr 2011 16:00,81.843,82.749,81.008,81.145,82383,-6980.0,-0.8529
29 Apr 2011 16:00,81.145,81.686,79.561,80.579,101045,-5660.0,-0.6975
06 May 2011 16:00,80.579,81.337,80.154,80.743,92806,1640.0,0.2035
13 May 2011 16:00,80.743,82.227,80.63,81.649,86165,9060.0,1.1221
20 May 2011 16:00,81.649,82.209,80.694,80.746,88243,-9030.0,-1.106
27 May 2011 16:00,80.746,81.769,80.047,80.232,88096,-5140.0,-0.6366
03 Jun 2011 16:00,80.232,80.459,79.695,80.272,82154,400.0,0.0499
10 Jun 2011 16:00,80.272,81.055,79.966,80.004,85220,-2680.0,-0.3339
17 Jun 2011 16:00,80.004,80.787,79.99,80.389,60478,3850.0,0.4812
24 Jun 2011 16:00,80.4,81.263,80.246,80.78,65007,3800.0,0.4726
01 Jul 2011 16:00,80.78,81.468,80.499,80.579,58473,-2010.0,-0.2488
08 Jul 2011 16:00,80.579,80.825,78.46,79.08,91008,-14990.0,-1.8603
15 Jul 2011 16:00,79.08,79.314,78.213,78.488,58660,-5920.0,-0.7486
22 Jul 2011 16:00,78.488,78.694,76.68,76.706,69141,-17820.0,-2.2704
29 Jul 2011 16:00,76.706,80.233,76.291,78.353,162752,16470.0,2.1472
05 Aug 2011 16:00,78.353,78.456,76.303,76.649,145882,-17040.0,-2.1748
12 Aug 2011 16:00,76.649,77.093,75.942,76.5,61784,-1490.0,-0.1944
19 Aug 2011 16:00,76.5,77.691,76.345,76.648,63598,1480.0,0.1935
26 Aug 2011 16:00,76.648,77.233,76.389,76.751,57730,1030.0,0.1344
02 Sep 2011 16:00,76.751,77.852,76.689,77.537,72625,7860.0,1.0241
09 Sep 2011 16:00,77.537,77.58,76.559,76.746,67045,-7910.0,-1.0202
16 Sep 2011 16:00,76.746,76.975,76.103,76.519,67908,-2270.0,-0.2958
23 Sep 2011 16:00,76.519,77.191,76.221,77.003,72697,4840.0,0.6325
30 Sep 2011 16:00,77.003,77.255,76.512,76.738,70131,-2650.0,-0.3441
07 Oct 2011 16:00,76.738,77.482,76.31,77.156,58810,4180.0,0.5447
14 Oct 2011 16:00,77.156,77.449,75.783,76.194,61129,-9620.0,-1.2468
21 Oct 2011 16:00,76.194,76.48,75.657,75.766,66422,-4280.0,-0.5617
28 Oct 2011 16:00,75.766,79.527,75.318,78.188,109412,24220.0,3.1967
04 Nov 2011 16:00,78.188,78.191,77.048,77.087,48288,-11010.0,-1.4081
11 Nov 2011 16:00,77.087,77.499,76.572,76.855,48768,-2320.0,-0.301
18 Nov 2011 16:00,76.855,77.787,76.691,77.675,49469,8200.0,1.0669
25 Nov 2011 16:00,77.675,78.281,77.292,77.941,61496,2660.0,0.3425
02 Dec 2011 16:00,77.941,78.097,77.124,77.549,46091,-3920.0,-0.5029
09 Dec 2011 16:00,77.549,78.152,77.518,77.739,42783,1900.0,0.245
16 Dec 2011 16:00,77.735,78.221,77.667,78.039,35758,3040.0,0.3911
23 Dec 2011 16:00,78.035,78.093,76.839,76.854,38722,-11810.0,-1.5134
30 Dec 2011 16:00,76.912,77.333,76.275,76.914,39640,20.0,0.0026
06 Jan 2012 16:00,76.937,77.033,76.66,76.918,34094,-190.0,-0.0247
13 Jan 2012 16:00,76.858,77.317,76.55,76.973,34721,1150.0,0.1496
20 Jan 2012 16:00,76.948,78.278,76.604,76.649,53868,-2990.0,-0.3886
27 Jan 2012 16:00,76.649,76.774,76.026,76.555,40957,-940.0,-0.1226
03 Feb 2012 16:00,76.565,77.801,76.446,77.569,48139,10040.0,1.3113
10 Feb 2012 16:00,77.569,79.563,77.359,79.508,59792,19390.0,2.4997
17 Feb 2012 16:00,79.433,81.166,79.261,81.15,64719,17170.0,2.1616
24 Feb 2012 16:00,81.15,81.868,80.015,81.762,94888,6120.0,0.7542
02 Mar 2012 16:00,81.762,82.641,80.583,82.43,88296,6680.0,0.817
09 Mar 2012 16:00,82.385,84.177,81.966,83.389,90392,10040.0,1.2187
16 Mar 2012 16:00,83.389,84.09,81.971,82.299,99007,-10900.0,-1.3071
23 Mar 2012 16:00,82.299,83.382,81.827,82.815,107193,5160.0,0.627
30 Mar 2012 16:00,82.815,83.3,81.295,81.589,98937,-12260.0,-1.4804
06 Apr 2012 16:00,81.41,81.859,80.568,80.867,86494,-5430.0,-0.667
13 Apr 2012 16:00,80.867,81.775,80.292,81.469,74006,6020.0,0.7444
20 Apr 2012 16:00,81.469,81.689,80.174,80.217,75217,-12520.0,-1.5368
27 Apr 2012 16:00,80.217,80.607,79.639,79.806,48995,-4110.0,-0.5124
04 May 2012 16:00,79.806,80.075,79.428,79.892,57265,860.0,0.1078
11 May 2012 16:00,79.892,80.548,78.951,78.98,62242,-9120.0,-1.1415
18 May 2012 16:00,78.98,80.144,78.89,79.635,56641,6550.0,0.8293
25 May 2012 16:00,79.605,79.697,77.617,77.965,62124,-16400.0,-2.0602
01 Jun 2012 16:00,77.965,79.789,77.885,79.425,70481,14600.0,1.8726
08 Jun 2012 16:00,79.425,79.739,78.591,78.672,58943,-7530.0,-0.9481
15 Jun 2012 16:00,78.672,80.564,78.595,80.377,67460,17050.0,2.1672
22 Jun 2012 16:00,80.377,80.614,79.133,79.745,63699,-6320.0,-0.7863
29 Jun 2012 16:00,79.745,80.092,79.309,79.641,56455,-1040.0,-0.1304
06 Jul 2012 16:00,79.641,79.937,79.045,79.164,45515,-4770.0,-0.5989
13 Jul 2012 16:00,79.164,79.275,78.382,78.478,40171,-6860.0,-0.8666
20 Jul 2012 16:00,78.478,78.671,77.94,78.413,46319,-650.0,-0.0828
27 Jul 2012 16:00,78.413,78.769,77.907,78.443,46465,300.0,0.0383
03 Aug 2012 16:00,78.443,78.788,78.14,78.255,44028,-1880.0,-0.2397
10 Aug 2012 16:00,78.255,79.568,78.16,79.549,43598,12940.0,1.6536
17 Aug 2012 16:00,79.549,79.655,78.275,78.657,44913,-8920.0,-1.1213
24 Aug 2012 16:00,78.657,78.839,78.184,78.371,33643,-2860.0,-0.3636
31 Aug 2012 16:00,78.336,79.03,78.014,78.219,39775,-1170.0,-0.1494
07 Sep 2012 16:00,78.219,78.387,77.086,78.38,52655,1610.0,0.2058
14 Sep 2012 16:00,78.38,79.215,78.02,78.143,62210,-2370.0,-0.3024
21 Sep 2012 16:00,78.118,78.197,77.435,77.904,42675,-2140.0,-0.2739
28 Sep 2012 16:00,77.904,78.865,77.789,78.657,41518,7530.0,0.9666
05 Oct 2012 16:00,78.657,78.754,77.944,78.427,35015,-2300.0,-0.2924
12 Oct 2012 16:00,78.407,79.46,78.327,79.299,46447,8920.0,1.1377
19 Oct 2012 16:00,79.299,80.376,79.214,79.634,48581,3350.0,0.4225
26 Oct 2012 16:00,79.624,80.668,79.273,80.421,43850,7970.0,1.001
02 Nov 2012 16:00,80.421,80.558,79.071,79.479,53198,-9420.0,-1.1713
09 Nov 2012 16:00,79.421,81.458,79.207,81.288,54519,18670.0,2.3508
16 Nov 2012 16:00,81.345,82.83,81.083,82.377,62927,10320.0,1.2687
23 Nov 2012 16:00,82.377,82.743,81.684,82.466,68147,890.0,0.108
30 Nov 2012 16:00,82.466,82.825,81.717,82.477,57109,110.0,0.0133
07 Dec 2012 16:00,82.477,83.958,82.113,83.5,78738,10230.0,1.2403
14 Dec 2012 16:00,84.405,84.611,83.608,84.226,174026,-1790.0,-0.2121
21 Dec 2012 16:00,84.369,86.626,84.316,85.88,103998,15110.0,1.7909
28 Dec 2012 16:00,85.861,88.405,85.647,88.14,155746,22790.0,2.6543
04 Jan 2013 16:00,88.136,89.443,86.822,89.177,245058,10410.0,1.1811
11 Jan 2013 16:00,89.267,90.206,87.786,90.072,317563,8050.0,0.9018
18 Jan 2013 16:00,90.073,91.186,88.056,90.872,323848,7990.0,0.8871
25 Jan 2013 16:00,90.872,92.957,90.324,92.8,286401,19280.0,2.1217
01 Feb 2013 16:00,92.8,94.055,91.964,92.604,346142,-1960.0,-0.2112
08 Feb 2013 16:00,92.604,94.458,92.219,93.468,818132,8640.0,0.933
15 Feb 2013 16:00,93.468,94.209,92.768,93.391,585726,-770.0,-0.0824
22 Feb 2013 16:00,94.515,94.529,90.849,93.57,968442,-9450.0,-0.9998
01 Mar 2013 16:00,93.57,96.561,92.91,95.979,603832,24090.0,2.5745
08 Mar 2013 16:00,95.979,96.706,95.07,95.258,650589,-7210.0,-0.7512
15 Mar 2013 16:00,95.258,96.128,94.055,94.405,736225,-8530.0,-0.8955
22 Mar 2013 16:00,94.405,94.954,93.517,94.163,380695,-2420.0,-0.2563
29 Mar 2013 16:00,94.265,97.825,92.558,97.496,522525,32310.0,3.4276
05 Apr 2013 16:00,97.495,99.94,97.495,98.329,583798,8340.0,0.8554
12 Apr 2013 16:00,98.329,99.679,95.726,99.483,708164,11540.0,1.1736
19 Apr 2013 16:00,99.793,99.879,97.552,97.989,553541,-18040.0,-1.8077
26 Apr 2013 16:00,97.93,99.261,97,98.953,393395,10230.0,1.0446
03 May 2013 16:00,99.168,101.979,98.575,101.577,399932,24090.0,2.4292
10 May 2013 16:00,101.863,103.3,101.254,103.186,468369,13230.0,1.2988
17 May 2013 16:00,102.74,103.731,100.644,101.224,643672,-15160.0,-1.4756
24 May 2013 16:00,101.013,102.516,100.217,100.38,610887,-6330.0,-0.6267
31 May 2013 16:00,100.404,100.72,94.96,97.538,823642,-28660.0,-2.8545
07 Jun 2013 16:00,97.824,99.279,93.773,94.039,911729,-37850.0,-3.8692
14 Jun 2013 16:00,94.154,98.28,94.074,97.881,662008,37270.0,3.9584
21 Jun 2013 16:00,97.915,99.442,96.941,99.104,564873,11890.0,1.2143
28 Jun 2013 16:00,99.199,101.217,99.169,101.168,422272,19690.0,1.9849
05 Jul 2013 16:00,101.237,101.526,98.158,99.175,513541,-20620.0,-2.0368
12 Jul 2013 16:00,99.322,100.861,98.885,100.532,409506,12100.0,1.2183
19 Jul 2013 16:00,100.389,100.608,97.951,98.197,429924,-21920.0,-2.1835
26 Jul 2013 16:00,98.041,99.933,97.574,98.89,448429,8490.0,0.866
02 Aug 2013 16:00,98.864,99.145,95.8,96.16,423095,-27040.0,-2.7351
09 Aug 2013 16:00,96.279,98.642,95.91,97.483,410030,12040.0,1.2505
16 Aug 2013 16:00,97.593,99.14,96.905,98.677,400769,10840.0,1.1107
23 Aug 2013 16:00,98.544,98.835,96.81,98.095,350931,-4490.0,-0.4556
30 Aug 2013 16:00,98.418,100.216,98.266,99.079,377578,6610.0,0.6716
06 Sep 2013 16:00,99.682,100.604,99.007,99.358,352006,-3240.0,-0.325
13 Sep 2013 16:00,98.573,99.664,97.748,99.278,338005,7050.0,0.7152
20 Sep 2013 16:00,99.233,99.35,98.091,98.222,293429,-10110.0,-1.0188
27 Sep 2013 16:00,97.632,98.723,96.924,97.462,379539,-1700.0,-0.1741
04 Oct 2013 16:00,97.184,98.588,96.546,98.549,327545,13650.0,1.4046
11 Oct 2013 16:00,98.203,99.001,97.551,97.638,291103,-5650.0,-0.5753
18 Oct 2013 16:00,97.829,98.479,96.934,97.381,270777,-4480.0,-0.4579
25 Oct 2013 16:00,97.725,98.845,97.438,98.607,270284,8820.0,0.9025
01 Nov 2013 16:00,98.789,99.407,97.572,99.01,297167,2210.0,0.2237
08 Nov 2013 16:00,99.2,100.429,98.919,100.159,285085,9590.0,0.9667
15 Nov 2013 16:00,100.251,101.347,99.563,101.243,321127,9920.0,0.9895
22 Nov 2013 16:00,101.288,102.607,101.133,102.407,279675,11190.0,1.1048
29 Nov 2013 16:00,102.491,103.373,101.616,102.881,401770,3900.0,0.3805
06 Dec 2013 16:00,102.998,103.918,102.14,103.198,348749,2000.0,0.1942
13 Dec 2013 16:00,103.277,104.63,102.495,104.018,364941,7410.0,0.7175
20 Dec 2013 16:00,103.966,105.177,103.767,105.128,184309,11620.0,1.1177
27 Dec 2013 16:00,105.17,105.436,104.068,104.834,218822,-3360.0,-0.3195
03 Jan 2014 16:00,104.8,105.308,103.821,104.152,362506,-6480.0,-0.6183
10 Jan 2014 16:00,103.957,104.918,102.849,104.278,313693,3210.0,0.3088
17 Jan 2014 16:00,104.199,104.837,101.992,102.32,373296,-18790.0,-1.8033
24 Jan 2014 16:00,102.224,103.433,101.72,101.942,485009,-2820.0,-0.2759
31 Jan 2014 16:00,101.978,102.574,100.748,102.299,451961,3210.0,0.3148
07 Feb 2014 16:00,102.52,102.694,101.561,101.771,295483,-7490.0,-0.7306
14 Feb 2014 16:00,101.616,102.825,101.38,102.445,290755,8290.0,0.8158
21 Feb 2014 16:00,102.447,102.672,101.547,101.746,283784,-7010.0,-0.6843
28 Feb 2014 16:00,101.459,103.753,101.195,103.17,279628,17110.0,1.6864
07 Mar 2014 16:00,103.023,103.421,101.201,101.336,290856,-16870.0,-1.6375
14 Mar 2014 16:00,101.264,102.677,101.227,102.218,263140,9540.0,0.9421
21 Mar 2014 16:00,102.13,102.979,101.714,102.797,249983,6670.0,0.6531
28 Mar 2014 16:00,102.935,104.121,102.789,103.265,248832,3300.0,0.3206
04 Apr 2014 16:00,103.256,103.385,101.318,101.6,336052,-16560.0,-1.6038
11 Apr 2014 16:00,101.606,102.563,101.411,102.358,236080,7520.0,0.7401
18 Apr 2014 16:00,102.403,102.717,101.954,102.17,201092,-2330.0,-0.2275
25 Apr 2014 16:00,102.162,103.011,102.022,102.162,209536,0.0,0.0
02 May 2014 16:00,102.128,102.249,101.426,101.82,204080,-3080.0,-0.3016
09 May 2014 16:00,101.844,102.357,101.297,101.49,204613,-3540.0,-0.3476
16 May 2014 16:00,101.526,102,100.811,101.935,202232,4090.0,0.4029
23 May 2014 16:00,101.901,102.136,101.421,101.669,145377,-2320.0,-0.2277
30 May 2014 16:00,101.835,102.79,101.745,102.455,191029,6200.0,0.6088
06 Jun 2014 16:00,102.478,102.644,101.597,101.99,155400,-4880.0,-0.4762
13 Jun 2014 16:00,101.991,102.323,101.717,102.056,137607,650.0,0.0637
20 Jun 2014 16:00,102.067,102.162,101.31,101.398,131044,-6690.0,-0.6555
27 Jun 2014 16:00,101.389,102.26,101.231,102.005,119765,6160.0,0.6076
04 Jul 2014 16:00,102.042,102.197,101.059,101.258,115506,-7840.0,-0.7683
11 Jul 2014 16:00,101.364,101.785,101.08,101.265,113930,-990.0,-0.0977
18 Jul 2014 16:00,101.309,101.933,101.194,101.809,97056,5000.0,0.4935
25 Jul 2014 16:00,101.766,103.078,101.742,102.599,142577,8330.0,0.8185
01 Aug 2014 16:00,102.529,102.921,101.502,102.005,148448,-5240.0,-0.5111
08 Aug 2014 16:00,102.163,102.712,102.018,102.335,113033,1720.0,0.1684
15 Aug 2014 16:00,102.311,104.192,102.24,103.924,56706,16130.0,1.5766
22 Aug 2014 16:00,104.237,104.268,103.548,104.04,49005,-1970.0,-0.189
29 Aug 2014 16:00,104.138,105.7,104.078,105.062,65146,9240.0,0.8873
05 Sep 2014 16:00,104.969,107.39,104.926,107.336,96208,23670.0,2.255
12 Sep 2014 16:00,107.169,109.457,106.804,109.006,126567,18370.0,1.7141
19 Sep 2014 16:00,108.998,109.526,108.24,109.271,135117,2730.0,0.2505
26 Sep 2014 16:00,109.268,110.083,108,109.746,213056,4780.0,0.4375
03 Oct 2014 16:00,109.69,109.844,107.52,107.631,270110,-20590.0,-1.8771
10 Oct 2014 16:00,107.525,107.589,105.173,106.849,356996,-6760.0,-0.6287
17 Oct 2014 16:00,107.189,108.349,106.246,108.139,180642,9500.0,0.8863
24 Oct 2014 16:00,108.292,112.472,107.6,112.317,211567,40250.0,3.7168
31 Oct 2014 16:00,112.672,115.56,112.563,114.575,356383,19030.0,1.689
07 Nov 2014 16:00,114.472,116.814,113.851,116.254,207734,17820.0,1.5567
14 Nov 2014 16:00,116.436,118.968,115.446,117.791,211674,13550.0,1.1637
21 Nov 2014 16:00,117.883,118.762,117.227,118.542,125583,6590.0,0.559
28 Nov 2014 16:00,118.737,121.68,117.845,121.422,164376,26850.0,2.2613
05 Dec 2014 16:00,121.56,121.838,117.428,118.749,284029,-28110.0,-2.3124
12 Dec 2014 16:00,118.619,119.616,115.552,119.473,355892,8540.0,0.72
19 Dec 2014 16:00,119.494,120.817,119.305,120.335,73843,8410.0,0.7038
26 Dec 2014 16:00,120.303,120.734,118.854,120.421,86191,1180.0,0.0981
02 Jan 2015 16:00,120.462,120.638,118.047,118.52,243583,-19420.0,-1.6121
09 Jan 2015 16:00,118.314,119.311,115.846,117.549,375142,-7650.0,-0.6466
16 Jan 2015 16:00,117.422,118.861,116.91,117.747,259206,3250.0,0.2768
23 Jan 2015 16:00,117.478,118.652,117.22,117.469,238007,-90.0,-0.0077
30 Jan 2015 16:00,116.924,119.214,116.862,119.112,206450,21880.0,1.8713
06 Feb 2015 16:00,118.981,120.466,118.324,118.724,187999,-2570.0,-0.216
13 Feb 2015 16:00,118.403,119.408,118.229,118.961,156813,5580.0,0.4713
20 Feb 2015 16:00,119.06,119.833,118.621,119.531,127601,4710.0,0.3956
27 Feb 2015 16:00,119.689,121.276,119.372,120.793,200080,11040.0,0.9224
06 Mar 2015 16:00,120.782,122.019,120.607,121.336,465381,5540.0,0.4587
13 Mar 2015 16:00,121.312,121.514,119.267,120.015,412575,-12970.0,-1.0691
20 Mar 2015 16:00,119.856,120.16,118.326,119.102,395235,-7540.0,-0.6291
27 Mar 2015 16:00,119.212,120.361,118.71,118.917,293330,-2950.0,-0.2475
03 Apr 2015 16:00,118.837,120.733,118.785,120.123,262451,12860.0,1.0822
10 Apr 2015 16:00,120.307,120.841,118.562,118.844,334359,-14630.0,-1.2161
17 Apr 2015 16:00,118.994,120.084,118.516,118.933,316471,-610.0,-0.0513
24 Apr 2015 16:00,118.869,120.281,118.482,120.135,329108,12660.0,1.065
01 May 2015 16:00,120.207,120.494,119.049,119.719,279344,-4880.0,-0.406
08 May 2015 16:00,119.629,120.272,118.882,119.273,275539,-3560.0,-0.2976
15 May 2015 16:00,119.254,121.566,119.21,121.483,306019,22290.0,1.8691
22 May 2015 16:00,121.437,124.453,121.437,124.109,368090,26720.0,2.2003
29 May 2015 16:00,124.031,125.851,123.741,125.531,404934,15000.0,1.2094
05 Jun 2015 16:00,125.565,125.667,122.452,123.332,405271,-22330.0,-1.7784
12 Jun 2015 16:00,123.172,124.384,122.418,122.642,297687,-5300.0,-0.4303
19 Jun 2015 16:00,122.932,124.37,122.554,123.789,259447,8570.0,0.6971
26 Jun 2015 16:00,122.652,123.7,121.93,122.696,336695,440.0,0.0359
03 Jul 2015 16:00,121.85,122.921,120.4,122.723,403275,8730.0,0.7165
10 Jul 2015 16:00,122.109,124.224,122.062,123.989,253904,18800.0,1.5396
17 Jul 2015 16:00,123.997,124.469,123.565,123.757,212337,-2400.0,-0.1936
24 Jul 2015 16:00,123.675,124.574,123.003,123.797,259400,1220.0,0.0986
31 Jul 2015 16:00,123.849,125.055,123.797,124.182,244795,3330.0,0.2689
07 Aug 2015 16:00,124.109,125.275,123.779,124.279,284201,1700.0,0.137
14 Aug 2015 16:00,124.217,124.569,121.806,121.956,289214,-22610.0,-1.8202
21 Aug 2015 16:00,121.848,122.013,116.09,121.655,764066,-1930.0,-0.1584
28 Aug 2015 16:00,121.6,121.622,118.514,118.987,472181,-26130.0,-2.1488
04 Sep 2015 16:00,118.876,121.319,118.79,120.558,417393,16820.0,1.4149
11 Sep 2015 16:00,120.493,120.983,119.047,119.925,383822,-5680.0,-0.4714
18 Sep 2015 16:00,120.089,121.227,119.214,120.548,394223,4590.0,0.3822
25 Sep 2015 16:00,120.495,120.581,118.672,119.881,421115,-6140.0,-0.5096
02 Oct 2015 16:00,119.955,120.563,119.619,120.149,304078,1940.0,0.1617
09 Oct 2015 16:00,120.155,120.25,118.056,119.404,251212,-7510.0,-0.625
16 Oct 2015 16:00,119.343,121.472,119.131,121.43,271307,20870.0,1.7487
23 Oct 2015 16:00,121.374,121.48,119.954,120.592,335155,-7820.0,-0.6443
30 Oct 2015 16:00,120.316,123.261,120.249,123.051,304049,27350.0,2.2732
06 Nov 2015 16:00,123.239,123.595,122.355,122.561,293512,-6780.0,-0.5502
13 Nov 2015 16:00,122.218,123.745,122.168,122.72,287295,5020.0,0.4107
20 Nov 2015 16:00,122.765,123.254,122.25,122.703,255895,-620.0,-0.0505
27 Nov 2015 16:00,122.793,123.661,122.29,123.075,363329,2820.0,0.2297
04 Dec 2015 16:00,123.103,123.468,120.573,120.958,415289,-21450.0,-1.7424
11 Dec 2015 16:00,121.144,123.525,120.338,121.119,502284,-250.0,-0.0206
18 Dec 2015 16:00,121.189,121.499,120.242,120.269,190761,-9200.0,-0.7591
25 Dec 2015 16:00,120.268,120.648,119.993,120.199,128613,-690.0,-0.0574
01 Jan 2016 16:00,120.145,120.456,117.18,117.188,567264,-29570.0,-2.4612
08 Jan 2016 16:00,117.198,118.372,116.5,116.963,611459,-2350.0,-0.2005
15 Jan 2016 16:00,116.667,118.869,115.964,118.744,669741,20770.0,1.7803
22 Jan 2016 16:00,118.635,121.681,117.648,121.109,612227,24740.0,2.0854
29 Jan 2016 16:00,121.293,121.477,116.255,116.817,678329,-44760.0,-3.6902
05 Feb 2016 16:00,116.772,117.52,110.96,113.194,1043884,-35780.0,-3.0641
12 Feb 2016 16:00,113.36,114.868,112.298,112.525,569285,-8350.0,-0.7366
19 Feb 2016 16:00,112.55,113.982,111.035,113.957,561213,14070.0,1.2501
26 Feb 2016 16:00,113.931,114.548,112.152,113.723,523108,-2080.0,-0.1826
04 Mar 2016 16:00,113.882,114.441,112.217,113.837,507297,-450.0,-0.0395
11 Mar 2016 16:00,113.925,114.103,110.657,111.499,478209,-24260.0,-2.1295
18 Mar 2016 16:00,111.502,113.312,111.213,113.042,344897,15400.0,1.3811
25 Mar 2016 16:00,113.147,113.796,111.563,111.677,374427,-14700.0,-1.2992
01 Apr 2016 16:00,111.58,111.79,107.655,108.005,510028,-35750.0,-3.204
08 Apr 2016 16:00,107.929,109.726,107.616,108.698,399767,7690.0,0.7125
15 Apr 2016 16:00,108.136,111.801,107.832,111.757,447490,36210.0,3.3486
22 Apr 2016 16:00,111.815,111.879,106.256,106.291,547597,-55240.0,-4.9403
29 Apr 2016 16:00,106.194,107.492,105.543,107.097,440411,9030.0,0.8503
06 May 2016 16:00,107.036,109.534,107.03,108.595,418109,15590.0,1.4565
13 May 2016 16:00,108.606,110.582,108.456,110.065,408031,14590.0,1.3434
20 May 2016 16:00,110.095,110.443,109.104,110.233,376811,1380.0,0.1253
27 May 2016 16:00,110.359,111.444,106.484,106.485,472471,-38740.0,-3.5104
03 Jun 2016 16:00,106.539,107.898,106.247,106.942,492030,4030.0,0.3783
10 Jun 2016 16:00,106.805,106.839,103.536,104.081,641992,-27240.0,-2.5504
17 Jun 2016 16:00,104.663,106.789,98.887,102.099,801061,-25640.0,-2.4498
24 Jun 2016 16:00,101.509,103.382,101.387,102.444,537539,9350.0,0.9211
01 Jul 2016 16:00,102.593,102.795,99.983,100.487,425419,-21060.0,-2.0528
08 Jul 2016 16:00,100.596,106.308,100.5,104.808,634980,42120.0,4.187
15 Jul 2016 16:00,105.316,107.486,105.259,106.065,476736,7490.0,0.7112
22 Jul 2016 16:00,106.089,106.716,101.961,102.018,627406,-40710.0,-3.8373
29 Jul 2016 16:00,102.283,102.824,100.675,101.77,408520,-5130.0,-0.5015
05 Aug 2016 16:00,101.951,102.649,100.818,101.265,319262,-6860.0,-0.6729
12 Aug 2016 16:00,101.135,101.447,99.506,100.183,453342,-9520.0,-0.9413
19 Aug 2016 16:00,100.732,101.936,99.933,101.776,378441,10440.0,1.0364
26 Aug 2016 16:00,102.03,104.316,101.741,103.911,433626,18810.0,1.8436
02 Sep 2016 16:00,104.058,104.122,101.179,102.645,469206,-14130.0,-1.3579
09 Sep 2016 16:00,102.535,103.351,101.41,102.216,518972,-3190.0,-0.3111
16 Sep 2016 16:00,102.131,102.775,100.088,100.95,483722,-11810.0,-1.1564
23 Sep 2016 16:00,100.977,101.834,100.071,101.303,451144,3260.0,0.3228
30 Sep 2016 16:00,101.191,104.155,101.138,102.86,449270,16690.0,1.6494
07 Oct 2016 16:00,103.253,104.629,102.804,104.122,440695,8690.0,0.8416
14 Oct 2016 16:00,104.341,104.366,103.157,103.807,352004,-5340.0,-0.5118
21 Oct 2016 16:00,103.808,105.526,103.717,104.69,409631,8820.0,0.8496
28 Oct 2016 16:00,104.385,105.226,102.533,103.088,533709,-12970.0,-1.2425
04 Nov 2016 16:00,104.051,106.94,101.179,106.633,924712,25820.0,2.4815
11 Nov 2016 16:00,106.869,110.942,106.721,110.838,762804,39690.0,3.7139
18 Nov 2016 16:00,110.854,113.889,110.252,113.203,680920,23490.0,2.119
25 Nov 2016 16:00,112.766,114.82,111.348,113.465,785381,6990.0,0.6199
02 Dec 2016 16:00,113.27,115.363,112.828,115.269,605179,19990.0,1.7648
09 Dec 2016 16:00,115.392,118.658,114.714,117.863,819239,24710.0,2.1414
16 Dec 2016 16:00,117.942,118.237,116.542,117.282,479638,-6600.0,-0.5596
23 Dec 2016 16:00,117.041,117.808,116.032,116.967,367868,-740.0,-0.0632
30 Dec 2016 16:00,117.251,118.601,115.057,116.935,679679,-3160.0,-0.2695
06 Jan 2017 16:00,117.001,117.525,113.743,114.47,908462,-25310.0,-2.1632
13 Jan 2017 16:00,114.297,115.615,112.559,114.535,835304,2380.0,0.2082
20 Jan 2017 16:00,114.216,115.369,112.511,115.044,742889,8280.0,0.7249
27 Jan 2017 16:00,114.706,114.947,112.046,112.543,775461,-21630.0,-1.8857
03 Feb 2017 16:00,112.436,113.852,111.583,113.177,664672,7410.0,0.659
10 Feb 2017 16:00,113.496,114.95,112.613,112.74,621107,-7560.0,-0.6661
17 Feb 2017 16:00,112.865,113.774,111.926,112.017,509216,-8480.0,-0.7513
24 Feb 2017 16:00,112.115,114.747,111.679,113.955,978131,18400.0,1.6412
03 Mar 2017 16:00,113.856,115.501,113.551,114.753,927933,8970.0,0.7878
10 Mar 2017 16:00,114.704,115.186,112.558,112.66,999528,-20440.0,-1.782
17 Mar 2017 16:00,112.632,112.894,110.616,111.287,1233024,-13450.0,-1.1942
24 Mar 2017 16:00,110.899,112.194,110.1,111.369,1035607,4700.0,0.4238
31 Mar 2017 16:00,111.394,111.581,110.085,111.04,1158516,-3540.0,-0.3178
07 Apr 2017 16:00,111.036,111.576,108.517,108.596,891925,-24400.0,-2.1975
14 Apr 2017 16:00,108.701,109.486,108.122,109.017,834196,3160.0,0.2907
21 Apr 2017 16:00,110.561,111.777,109.584,111.489,1016203,9280.0,0.8394
28 Apr 2017 16:00,111.231,113.045,111.203,112.638,657560,14070.0,1.2649
05 May 2017 16:00,112.889,114.367,112.385,113.307,804989,4180.0,0.3703
12 May 2017 16:00,113.153,113.85,110.233,111.182,1192156,-19710.0,-1.7419
19 May 2017 16:00,111.008,112.125,110.856,111.254,898237,2460.0,0.2216
26 May 2017 16:00,111.226,111.703,110.321,110.353,778714,-8730.0,-0.7849
02 Jun 2017 16:00,110.326,110.809,109.111,110.285,798800,-410.0,-0.0372
09 Jun 2017 16:00,110.293,111.414,108.788,110.843,936932,5500.0,0.4987
16 Jun 2017 16:00,110.875,111.786,110.713,111.249,743927,3740.0,0.3373
23 Jun 2017 16:00,111.142,112.922,111.116,112.34,967104,11980.0,1.0779
30 Jun 2017 16:00,112.081,114.176,112.054,113.858,794725,17770.0,1.5855
07 Jul 2017 16:00,113.856,114.492,112.25,112.5,752499,-13560.0,-1.191
14 Jul 2017 16:00,112.452,112.858,111.008,111.112,797099,-13400.0,-1.1916
21 Jul 2017 16:00,111.088,112.19,110.542,110.633,454703,-4550.0,-0.4096
28 Jul 2017 16:00,110.623,111.045,109.837,110.649,428253,260.0,0.0235
04 Aug 2017 16:00,110.678,110.915,108.716,109.128,391543,-15500.0,-1.4005
11 Aug 2017 16:00,109.145,110.944,108.597,109.191,461430,460.0,0.0421
18 Aug 2017 16:00,109.336,109.837,108.632,109.296,369099,-400.0,-0.0366
25 Aug 2017 16:00,109.158,110.663,108.248,110.212,432761,10540.0,0.9656
01 Sep 2017 16:00,109.478,109.925,107.312,107.817,478203,-16610.0,-1.5172
08 Sep 2017 16:00,108.153,111.327,108.087,110.812,454847,26590.0,2.4586
15 Sep 2017 16:00,111.04,112.711,110.988,111.964,458244,9240.0,0.8321
22 Sep 2017 16:00,112.134,113.251,111.463,112.429,518487,2950.0,0.2631
29 Sep 2017 16:00,112.601,113.433,112.316,112.589,397106,-120.0,-0.0107
06 Oct 2017 16:00,112.531,112.823,111.681,111.778,333490,-7530.0,-0.6691
13 Oct 2017 16:00,111.713,113.563,111.646,113.454,344292,17410.0,1.5585
20 Oct 2017 16:00,113.827,114.443,113.238,113.629,463704,-1980.0,-0.1739
27 Oct 2017 16:00,113.696,114.421,112.95,114.017,386116,3210.0,0.2823
03 Nov 2017 16:00,113.977,114.728,113.083,113.447,420410,-5300.0,-0.465
10 Nov 2017 16:00,113.431,113.906,111.941,112.044,415623,-13870.0,-1.2228
17 Nov 2017 16:00,112.102,112.711,111.062,111.47,336459,-6320.0,-0.5638
24 Nov 2017 16:00,111.463,112.869,110.836,112.163,545416,7000.0,0.628
01 Dec 2017 16:00,112.745,113.583,111.984,113.442,462241,6970.0,0.6182
08 Dec 2017 16:00,113.509,113.745,112.027,112.585,368863,-9240.0,-0.814
15 Dec 2017 16:00,112.701,113.631,112.303,113.252,274237,5510.0,0.4889
22 Dec 2017 16:00,113.214,113.369,112.467,112.653,177310,-5610.0,-0.4955
29 Dec 2017 16:00,112.626,113.301,112.05,113.026,236868,4000.0,0.3552
05 Jan 2018 16:00,113.112,113.381,110.906,111.013,407394,-20990.0,-1.8557
12 Jan 2018 16:00,111.057,111.477,110.186,110.768,460157,-2890.0,-0.2602
19 Jan 2018 16:00,110.526,111.218,108.277,108.571,560427,-19550.0,-1.7688
26 Jan 2018 16:00,108.664,110.477,108.408,110.126,588852,14620.0,1.3454
02 Feb 2018 16:00,110.162,110.274,108.04,108.763,968278,-13990.0,-1.2699
09 Feb 2018 16:00,108.838,108.881,105.54,106.256,579651,-25820.0,-2.3723
16 Feb 2018 16:00,106.294,107.898,106.088,106.836,398656,5420.0,0.5099
23 Feb 2018 16:00,107.173,107.67,105.243,105.699,530404,-14740.0,-1.3753
02 Mar 2018 16:00,105.412,107.042,105.344,106.779,528290,13670.0,1.2968
09 Mar 2018 16:00,106.612,107.286,105.597,105.954,432266,-6580.0,-0.6172
16 Mar 2018 16:00,105.884,106.634,104.623,104.696,553229,-11880.0,-1.122
23 Mar 2018 16:00,104.62,107.005,104.6,106.243,430524,16230.0,1.5513
30 Mar 2018 16:00,106.199,107.486,105.652,106.893,484191,6940.0,0.6535
06 Apr 2018 16:00,106.926,107.774,106.611,107.318,429029,3920.0,0.3666
13 Apr 2018 16:00,107.473,107.851,106.878,107.61,351072,1370.0,0.1275
20 Apr 2018 16:00,107.748,109.533,107.652,109.009,441541,12610.0,1.1703
27 Apr 2018 16:00,109.048,110.028,108.641,109.06,385668,120.0,0.011
04 May 2018 16:00,109.076,110.012,108.751,109.347,362320,2710.0,0.2485
11 May 2018 16:00,109.31,111.076,109.203,110.717,385171,14070.0,1.2872
18 May 2018 16:00,110.861,111.391,108.948,109.356,481956,-15050.0,-1.3576
25 May 2018 16:00,109.729,109.821,108.107,109.479,607399,-2500.0,-0.2278
01 Jun 2018 16:00,109.479,110.261,109.193,109.502,423208,230.0,0.021
08 Jun 2018 16:00,109.295,110.897,109.283,110.622,377774,13270.0,1.2141
15 Jun 2018 16:00,110.64,110.751,109.545,109.952,400590,-6880.0,-0.6218
22 Jun 2018 16:00,109.828,110.937,109.36,110.688,472466,8600.0,0.783
29 Jun 2018 16:00,110.635,111.129,110.272,110.428,361741,-2070.0,-0.1871
06 Jul 2018 16:00,110.407,112.796,110.344,112.324,374850,19170.0,1.7363
13 Jul 2018 16:00,112.172,113.169,111.375,111.394,426714,-7780.0,-0.6936
20 Jul 2018 16:00,111.347,111.537,110.581,110.991,384948,-3560.0,-0.3197
27 Jul 2018 16:00,110.908,112.146,110.731,111.213,338355,3050.0,0.275
03 Aug 2018 16:00,111.203,111.522,110.503,110.818,277137,-3850.0,-0.3462
10 Aug 2018 16:00,110.433,111.426,110.104,110.477,394672,440.0,0.0398
17 Aug 2018 16:00,110.577,111.482,109.767,111.207,286472,6300.0,0.5697
24 Aug 2018 16:00,111.291,111.823,110.679,111.041,281843,-2500.0,-0.2246
31 Aug 2018 16:00,111.066,111.751,110.374,110.957,322753,-1090.0,-0.0981
07 Sep 2018 16:00,111.044,112.162,110.844,112.029,266647,9850.0,0.887
14 Sep 2018 16:00,111.998,112.868,111.658,112.543,285204,5450.0,0.4866
21 Sep 2018 16:00,112.39,113.692,112.39,113.677,274740,12870.0,1.1451
28 Sep 2018 16:00,113.706,114.544,113.514,113.682,348174,-240.0,-0.0211
05 Oct 2018 16:00,113.769,113.937,111.822,112.169,591921,-16000.0,-1.4064
12 Oct 2018 16:00,112.112,112.724,111.617,112.5,511807,3880.0,0.3461
19 Oct 2018 16:00,112.585,112.881,111.372,111.868,722197,-7170.0,-0.6369
26 Oct 2018 16:00,111.855,113.379,111.77,113.179,596842,13240.0,1.1837
02 Nov 2018 16:00,113.142,114.08,112.941,113.763,418438,6210.0,0.5489
09 Nov 2018 16:00,113.772,114.202,112.637,112.777,519617,-9950.0,-0.8746
16 Nov 2018 16:00,112.744,113.177,112.299,112.928,374362,1840.0,0.1632
23 Nov 2018 16:00,112.89,114.03,112.872,113.448,327365,5580.0,0.4943
30 Nov 2018 16:00,113.605,113.812,112.227,112.656,441962,-9490.0,-0.8354
07 Dec 2018 16:00,112.6,113.704,112.235,113.352,464345,7520.0,0.6679
14 Dec 2018 16:00,113.331,113.515,110.807,111.182,580550,-21490.0,-1.8962
21 Dec 2018 16:00,110.912,111.402,110.124,110.234,433762,-6780.0,-0.6113
28 Dec 2018 16:00,110.242,110.469,104.769,108.466,445098,-17760.0,-1.611
04 Jan 2019 16:00,108.468,109.083,107.763,108.464,465783,-40.0,-0.0037
11 Jan 2019 16:00,108.505,109.882,107.979,109.755,388067,12500.0,1.152
18 Jan 2019 16:00,109.684,109.993,109.14,109.532,336904,-1520.0,-0.1386
25 Jan 2019 16:00,109.531,109.736,108.49,109.462,342359,-690.0,-0.063
01 Feb 2019 16:00,109.501,110.156,109.426,109.704,287589,2030.0,0.1854
08 Feb 2019 16:00,109.729,111.124,109.729,110.413,301488,6840.0,0.6234
15 Feb 2019 16:00,110.431,110.943,110.418,110.632,263141,2010.0,0.182
22 Feb 2019 16:00,110.633,112.072,110.349,111.854,290347,12210.0,1.1036
01 Mar 2019 16:00,111.845,112.131,110.71,111.143,283277,-7020.0,-0.6277
08 Mar 2019 16:00,110.975,111.897,110.873,111.444,257427,4690.0,0.4226
15 Mar 2019 16:00,111.454,111.687,109.737,109.891,287679,-15630.0,-1.4024
22 Mar 2019 16:00,109.906,110.944,109.696,110.813,391938,9070.0,0.8253
29 Mar 2019 16:00,111.009,111.818,110.788,111.685,248499,6760.0,0.609
05 Apr 2019 16:00,111.665,112.088,110.838,111.986,222732,3210.0,0.2875
12 Apr 2019 16:00,111.939,112.159,111.759,111.876,184795,-630.0,-0.0563
19 Apr 2019 16:00,111.866,112.389,111.325,111.537,226847,-3290.0,-0.2941
26 Apr 2019 16:00,111.523,111.894,111.044,111.071,213957,-4520.0,-0.4053
03 May 2019 16:00,110.594,110.954,109.449,109.903,419722,-6910.0,-0.6248
10 May 2019 16:00,109.724,110.185,109.012,110.045,371136,3210.0,0.2926
17 May 2019 16:00,110.086,110.668,109.268,109.28,343195,-8060.0,-0.7322
24 May 2019 16:00,109.281,109.921,108.237,108.237,383231,-10440.0,-0.9553
31 May 2019 16:00,108.262,108.611,107.808,108.151,465133,-1110.0,-0.1025
07 Jun 2019 16:00,108.458,108.796,108.152,108.54,316518,820.0,0.0756
14 Jun 2019 16:00,108.473,108.718,107.042,107.297,410541,-11760.0,-1.0841
21 Jun 2019 16:00,107.284,108.155,106.773,107.852,366844,5680.0,0.5294
28 Jun 2019 16:00,108.154,108.632,107.528,108.448,271091,2940.0,0.2718
05 Jul 2019 16:00,108.395,108.985,107.798,107.883,269494,-5120.0,-0.4723
12 Jul 2019 16:00,107.866,108.37,107.205,107.673,298645,-1930.0,-0.1789
19 Jul 2019 16:00,107.727,108.823,107.675,108.629,292605,9020.0,0.8373
26 Jul 2019 16:00,108.617,109.311,106.503,106.552,475801,-20650.0,-1.9012
02 Aug 2019 16:00,106.544,107.08,105.263,105.637,732795,-9070.0,-0.8513
09 Aug 2019 16:00,105.63,106.97,105.044,106.335,616916,7050.0,0.6674
16 Aug 2019 16:00,106.328,106.73,105.247,105.356,410586,-9720.0,-0.9142
23 Aug 2019 16:00,105.349,106.676,104.438,106.234,581626,8850.0,0.8401
30 Aug 2019 16:00,106.227,107.226,105.732,106.9,397482,6730.0,0.6335
06 Sep 2019 16:00,106.89,108.254,106.755,108.046,421918,11560.0,1.0815
13 Sep 2019 16:00,108.051,108.471,107.464,107.544,410412,-5070.0,-0.4692
20 Sep 2019 16:00,107.513,108.175,106.955,107.886,440890,3730.0,0.3469
27 Sep 2019 16:00,107.904,108.463,106.477,106.878,448911,-10260.0,-0.9508
04 Oct 2019 16:00,106.876,108.613,106.644,108.381,480229,15050.0,1.4082
11 Oct 2019 16:00,108.376,108.933,108.025,108.373,387038,-30.0,-0.0028
18 Oct 2019 16:00,108.366,108.769,108.243,108.653,303559,2870.0,0.2648
25 Oct 2019 16:00,108.704,109.281,107.88,108.147,290778,-5570.0,-0.5124
01 Nov 2019 16:00,108.217,109.482,108.15,109.199,304786,9820.0,0.9074
08 Nov 2019 16:00,109.19,109.288,108.224,108.753,258968,-4370.0,-0.4002
15 Nov 2019 16:00,108.756,109.066,108.271,108.621,309601,-1350.0,-0.1241
22 Nov 2019 16:00,108.628,109.664,108.589,109.449,204608,8210.0,0.7558
29 Nov 2019 16:00,109.501,109.723,108.422,108.536,290861,-9650.0,-0.8813
06 Dec 2019 16:00,108.586,109.7,108.424,109.314,285911,7280.0,0.6704
13 Dec 2019 16:00,109.279,109.677,109.176,109.393,172895,1140.0,0.1043
20 Dec 2019 16:00,109.41,109.678,109.313,109.406,138597,-40.0,-0.0037
27 Dec 2019 16:00,109.369,109.456,107.834,108.06,206328,-13090.0,-1.1969
03 Jan 2020 16:00,107.854,109.683,107.645,109.445,370315,15910.0,1.4751
10 Jan 2020 16:00,109.525,110.283,109.489,110.106,200652,5810.0,0.5305
17 Jan 2020 16:00,110.072,110.216,109.166,109.257,228964,-8150.0,-0.7404
24 Jan 2020 16:00,108.89,109.258,108.284,108.311,398692,-5790.0,-0.5317
31 Jan 2020 16:00,108.382,110.012,108.305,109.699,357232,13170.0,1.2151
07 Feb 2020 16:00,109.672,110.129,109.556,109.766,272153,940.0,0.0857
14 Feb 2020 16:00,109.843,112.22,109.652,111.499,355291,16560.0,1.5076
21 Feb 2020 16:00,111.233,111.677,107.504,108.014,1039416,-32190.0,-2.8939
28 Feb 2020 16:00,107.363,108.572,104.986,105.312,1093160,-20510.0,-1.9103
06 Mar 2020 16:00,105.314,108.495,101.17,107.837,1314940,25230.0,2.3957
13 Mar 2020 16:00,107.012,111.499,105.135,110.74,1363220,37280.0,3.4837
20 Mar 2020 16:00,110.773,111.709,107.719,107.964,932700,-28090.0,-2.5358
27 Mar 2020 16:00,107.675,108.72,106.908,108.478,575452,8030.0,0.7458
03 Apr 2020 16:00,108.332,109.373,108.196,108.415,377724,830.0,0.0766
10 Apr 2020 16:00,108.353,108.512,106.919,107.498,399818,-8550.0,-0.7891
17 Apr 2020 16:00,107.489,108.036,107.275,107.453,353619,-360.0,-0.0335
24 Apr 2020 16:00,107.524,107.617,106.353,106.864,357503,-6600.0,-0.6138
01 May 2020 16:00,106.817,107.064,105.978,106.59,308982,-2270.0,-0.2125
08 May 2020 16:00,106.49,107.762,106.456,107.026,323860,5360.0,0.5033
15 May 2020 16:00,107.077,108.082,107.056,107.586,280419,5090.0,0.4754
22 May 2020 16:00,107.559,107.941,107.069,107.771,313759,2120.0,0.1971
29 May 2020 16:00,107.779,109.843,107.369,109.568,394939,17890.0,1.6599
05 Jun 2020 16:00,109.535,109.686,106.565,107.342,460681,-21930.0,-2.0021
12 Jun 2020 16:00,107.325,107.635,106.66,106.868,390148,-4570.0,-0.4258
19 Jun 2020 16:00,106.923,107.446,106.067,107.169,355467,2460.0,0.2301
26 Jun 2020 16:00,107.11,108.158,107.034,107.483,275029,3730.0,0.3482
03 Jul 2020 16:00,107.461,107.786,106.629,106.909,238938,-5520.0,-0.5137
10 Jul 2020 16:00,106.89,107.419,106.661,107.016,256479,1260.0,0.1179
17 Jul 2020 16:00,107.086,107.526,105.675,106.112,303405,-9740.0,-0.9095
24 Jul 2020 16:00,106.06,106.084,104.18,105.846,456912,-2140.0,-0.2018
31 Jul 2020 16:00,105.833,106.466,105.293,105.907,422724,740.0,0.0699
07 Aug 2020 16:00,105.835,107.044,105.701,106.571,354279,7360.0,0.6954
14 Aug 2020 16:00,106.562,106.649,105.097,105.792,393961,-7700.0,-0.7226
21 Aug 2020 16:00,105.753,106.941,105.196,105.35,421197,-4030.0,-0.3811
28 Aug 2020 16:00,105.422,106.546,105.286,106.195,417225,7730.0,0.7332
04 Sep 2020 16:00,106.21,106.38,105.782,106.144,307451,-660.0,-0.0621
11 Sep 2020 16:00,106.081,106.159,104.267,104.557,329492,-15240.0,-1.4366
18 Sep 2020 16:00,104.517,105.694,103.995,105.534,360300,10170.0,0.973
25 Sep 2020 16:00,105.464,105.797,104.936,105.27,390623,-1940.0,-0.1839
02 Oct 2020 16:00,105.275,106.102,105.247,105.57,315427,2950.0,0.2802
09 Oct 2020 16:00,105.684,105.764,105.014,105.367,306353,-3170.0,-0.3
16 Oct 2020 16:00,105.344,105.742,104.336,104.659,289306,-6850.0,-0.6503
23 Oct 2020 16:00,104.665,105.049,104.018,104.57,317159,-950.0,-0.0908
30 Oct 2020 16:00,104.488,105.338,103.17,103.344,520403,-11440.0,-1.0949
06 Nov 2020 16:00,103.297,105.672,103.176,104.59,444016,12930.0,1.2517
13 Nov 2020 16:00,104.69,105.131,103.646,103.809,327953,-8810.0,-0.8415
20 Nov 2020 16:00,103.748,104.756,103.676,104.058,297511,3100.0,0.2988
27 Nov 2020 16:00,104.033,104.746,103.665,104.177,355026,1440.0,0.1384
04 Dec 2020 16:00,104.046,104.574,103.818,104.006,320566,-400.0,-0.0384
11 Dec 2020 16:00,103.953,104.146,102.868,103.258,313850,-6950.0,-0.6686
18 Dec 2020 16:00,103.478,103.885,103.246,103.64,258883,1620.0,0.1566
25 Dec 2020 16:00,103.48,103.893,102.956,103.297,214764,-1830.0,-0.1768
01 Jan 2021 16:00,103.083,104.087,102.586,103.884,435227,8010.0,0.777
08 Jan 2021 16:00,103.848,104.392,103.519,103.862,342323,140.0,0.0135
15 Jan 2021 16:00,103.795,104.081,103.322,103.727,288458,-680.0,-0.0655
22 Jan 2021 16:00,103.759,104.934,103.55,104.661,291502,9020.0,0.8693
29 Jan 2021 16:00,104.74,105.762,104.602,105.35,205793,6100.0,0.5824
05 Feb 2021 16:00,105.3,105.666,104.402,104.913,232694,-3870.0,-0.3675
12 Feb 2021 16:00,104.855,106.22,104.855,105.407,245110,5520.0,0.5264
19 Feb 2021 16:00,105.357,106.687,104.916,106.518,415574,11610.0,1.102
26 Feb 2021 16:00,106.503,108.638,106.36,108.289,354624,17860.0,1.6769
05 Mar 2021 16:00,108.31,109.229,108.271,109.012,398881,7020.0,0.6481
12 Mar 2021 16:00,108.956,109.357,108.602,108.868,359540,-880.0,-0.0808
19 Mar 2021 16:00,108.616,109.843,108.398,109.666,279229,10500.0,0.9667
26 Mar 2021 16:00,109.686,110.96,109.367,110.625,282482,9390.0,0.8561
02 Apr 2021 16:00,110.608,110.744,108.992,109.658,298445,-9500.0,-0.8589
09 Apr 2021 16:00,109.664,109.764,108.605,108.783,273645,-8810.0,-0.8034
16 Apr 2021 16:00,108.736,108.827,107.471,107.852,299004,-8840.0,-0.813
23 Apr 2021 16:00,107.889,109.352,107.637,109.307,316872,14180.0,1.3143
30 Apr 2021 16:00,109.271,109.693,108.33,108.565,334234,-7060.0,-0.6461
07 May 2021 16:00,108.567,109.78,108.342,109.295,357082,7280.0,0.6706
